alaika,pala,asmenot,asmela,elkot,kumu,supu,rkyks,rkkot,raja,ahtas,filter_$
25,105,6420,28420,2,1,1,2.19999980929995,66000,0,2,1
66,80,4800,4800,-9999,1,1,1.69999980929995,52000,0,3,1
71,160,6996,11996,2,0,2,2.89999961849997,83500,0,3,1
17,100,7860,13460,2,0,2,2.69999980929995,128500,0,2,1
36,98,2940,5240,2,0,1,2.39999961849997,95500,0,2,1
7,51,7536,7536,1,1,1,1.69999980929995,54000,0,2,1
3,98,4560,44560,1,0,1,2.19999980929995,148000,0,2,1
19,120,5400,5400,1,0,1,3.09999942779998,164500,0,2,1
34,100,2400,2400,-9999,0,2,2.39999961849997,97000,0,2,1
20,90,1800,1800,3,0,1,2.89999961849997,80000,0,2,1
20,107,14364,14364,2,0,1,3.19999980929995,73000,1,2,1
7,110,4716,37716,1,1,1,3.19999980929995,136500,0,2,1
6,158,12420,26420,1,1,1,2.39999961849997,160000,0,3,1
3,18,5988,5988,2,0,1,1,14500,1,1,1
17,80,5436,5436,2,1,2,2.69999980929995,113500,0,2,1
18,126,6000,6000,3,1,1,2.89999961849997,139000,0,2,1
47,106,2940,7840,2,1,1,3.39999961849997,101500,0,2,1
6,100,2364,23364,1,1,1,2.19999980929995,77500,0,2,1
10,100,7800,14800,2,1,2,2.89999961849997,117000,0,2,1
8,105,5580,5580,2,1,2,2.39999961849997,119500,0,2,1
17,64,18300,18300,2,1,1,2.19999980929995,109500,0,2,1
15,80,2376,2376,2,1,1,3.89999961849997,93500,0,1,1
10,83,19800,19800,1,0,1,2.89999961849997,173500,0,2,1
25,200,7200,7200,1,0,1,1.69999980929995,198500,0,3,1
6,84,9360,9360,1,0,1,2.69999980929995,103500,0,2,1
9,200,9600,25600,1,0,2,2.89999961849997,197500,0,3,1
4,129,9000,19000,2,0,2,2.69999980929995,186000,0,2,1
6,26,3000,15000,2,0,2,1,62500,0,2,1
6,98,8400,8400,2,0,2,2.89999961849997,139000,0,2,1
0,45,12000,12000,1,0,1,1.69999980929995,75500,0,2,1
3,60,5160,21160,2,0,1,2.19999980929995,128000,0,2,1
8,150,6000,26000,2,0,1,2.19999980929995,179500,0,2,1
14,150,4680,64680,2,0,2,3.39999961849997,151000,0,2,1
18,71,9600,9600,1,0,2,1.69999980929995,84000,0,2,1
2,57,9600,19600,-9999,0,2,1,47500,0,2,1
8,110,15120,35120,1,0,1,3.19999980929995,185500,0,2,1
0,60,4212,21012,1,0,1,1.69999980929995,94000,0,2,1
13,54,12708,12708,1,0,2,1.69999980929995,108500,0,2,1
15,82,10200,19000,1,0,1,2.19999980929995,144000,0,2,1
0,71,17400,53400,2,0,2,1.69999980929995,124000,0,2,1
1,79,6000,42000,1,0,2,2.39999961849997,101500,0,2,1
0,46,11880,11880,-9999,1,2,1,58000,0,2,1
50,150,4200,4200,1,0,2,1.69999980929995,45500,0,2,1
8,91,12000,12000,1,0,2,1.69999980929995,148000,0,3,1
30,90,9264,9517,1,0,2,1.69999980929995,86000,0,3,1
2,75,1800,41800,2,0,1,1.69999980929995,169000,0,2,1
0,60,12600,12600,2,0,1,1.69999980929995,115500,0,2,1
5,91,17976,44476,2,0,2,2.69999980929995,108000,0,2,1
4,250,15000,15000,2,0,2,2.69999980929995,107000,0,3,1
65,104,4020,4020,3,1,2,1.69999980929995,60500,0,3,1
42,220,5940,5940,1,1,1,1.69999980929995,108500,0,3,1
15,40,2280,9480,2,0,2,2.19999980929995,91000,0,1,1
26,126,4368,4368,1,0,2,3.59999942779998,102500,0,2,1
11,124,5400,5400,1,0,1,2.19999980929995,110500,0,2,1
2,71,6960,6960,2,0,2,1,40500,0,3,1
11,110,7344,7344,1,0,2,3.19999980929995,131000,0,2,1
30,53,13176,13176,2,1,1,1.69999980929995,78000,0,2,1
39,30,4800,4800,2,1,1,2.39999961849997,106000,0,1,1
4,83,11700,31700,2,1,1,2.69999980929995,106500,0,2,1
1,150,21240,61240,2,0,1,2.19999980929995,127000,0,3,1
46,185,9948,9948,2,1,1,3.39999961849997,106000,0,3,1
10,57,5916,5916,2,1,1,1.69999980929995,46500,0,2,1
3,120,7440,28440,2,0,2,2.69999980929995,184500,0,2,1
41,123,4800,4800,1,0,1,2.19999980929995,121500,0,3,1
17,75,7320,7320,2,0,1,2.39999961849997,117500,0,2,1
9,102,13200,15200,2,0,2,3.09999942779998,154500,0,2,1
10,71,5844,5844,2,0,1,2.39999961849997,102000,0,2,1
15,51,7332,7332,2,1,1,1,42500,0,2,1
3,110,4800,24800,2,1,1,2.89999961849997,145500,0,2,1
6,58,4320,54320,2,1,1,1.69999980929995,128500,0,2,1
9,81,6948,6948,1,1,2,1.69999980929995,41000,0,2,1
35,52,2880,2880,2,1,2,1.69999980929995,105500,0,2,1
14,180,6600,12100,2,1,1,2.39999961849997,136500,0,2,1
52,60,1740,1740,2,1,1,1.69999980929995,63500,0,2,1
10,240,10800,30800,2,1,1,2.39999961849997,228500,0,3,1
6,56,4800,4800,1,0,2,1.69999980929995,30500,1,2,1
2,60,16800,16800,2,0,1,2.69999980929995,87500,0,1,1
5,84,6000,36000,2,0,1,2.19999980929995,86000,0,2,1
0,110,6240,48240,1,1,2,1.69999980929995,102500,0,3,1
2,86,2604,30604,2,1,1,2.19999980929995,98000,0,2,1
23,110,1020,1020,1,1,2,4.09999942779998,100500,0,2,1
3,39,6000,18500,-9999,0,2,1.69999980929995,87500,0,2,1
1,50,9024,9024,1,0,1,2.19999980929995,66000,0,1,1
22,100,18000,18000,2,0,2,1.69999980929995,83500,0,3,1
15,67,6120,6120,2,0,2,1.69999980929995,104000,0,2,1
3,50,12000,12000,1,0,1,1.69999980929995,80500,0,2,1
0,26,4200,28200,1,0,1,1,59500,0,2,1
7,100,8880,8880,2,0,2,1.69999980929995,197500,0,2,1
4,129,7320,7320,1,0,2,2.39999961849997,143500,0,2,1
0,93,10800,40800,1,0,2,1.69999980929995,35500,1,2,1
0,190,3840,28840,2,1,2,1,29000,0,3,1
7,67,6720,38720,3,0,1,1.69999980929995,199500,0,2,1
15,65,7200,7200,3,0,2,2.89999961849997,138500,0,2,1
1,64,12000,12000,2,0,2,1,46000,0,2,1
16,128,19908,35572,1,0,2,1.69999980929995,198500,0,3,1
11,80,11652,11652,1,0,1,2.69999980929995,146000,0,1,1
8,14,8208,8208,3,0,1,1,35500,0,1,1
5,30,12000,12000,1,0,1,1,81500,0,1,1
17,85,12000,27000,1,0,2,2.69999980929995,191000,0,2,1
1,23,15600,15600,2,0,2,1,44500,0,2,1
0,15,1248,10298,3,0,2,1,48500,0,1,1
1,33,4800,4800,1,0,1,1,36000,0,2,1
24,87,10620,10620,2,0,2,2.39999961849997,120000,0,2,1
2,35,6600,6600,3,0,1,1,73000,0,2,1
18,24,7200,7200,3,0,2,1,66500,0,2,1
3,78,24000,24000,2,0,2,2.69999980929995,124000,0,2,1
0,25,13200,13200,3,0,2,1,56000,0,2,1
17,72,6588,6588,1,0,1,1.69999980929995,137500,0,3,1
0,28,3600,31600,2,0,2,1,65500,0,2,1
1,40,9000,9000,2,0,2,1,17500,1,2,1
10,73,12000,12000,1,0,2,2.39999961849997,118000,0,2,1
25,51,10596,10596,2,0,2,1,33000,0,2,1
20,150,14400,36900,1,0,1,2.69999980929995,310000,0,3,1
2,35,4080,4080,2,0,2,1,48000,0,2,1
1,74,16944,16944,1,0,1,2.19999980929995,100500,0,2,1
0,56,3600,32100,2,0,1,1.5,25500,1,2,1
10,72,9072,39072,2,0,2,2.19999980929995,135500,0,2,1
0,44,4800,28800,2,0,2,1,83500,0,2,1
27,85,7200,7200,2,0,2,1,90000,0,3,1
13,74,11664,16864,1,0,1,2.19999980929995,135000,0,2,1
2,12,7392,7392,2,0,1,1,29500,0,1,1
4,59,16572,16572,3,0,2,2.19999980929995,117000,0,2,1
10,15,0,0,-9999,0,1,1,34500,0,1,1
20,85,9720,9720,3,0,1,1,120000,0,3,1
7,120,10500,47500,1,0,2,3.69999980929995,160500,0,2,1
5,81,6240,27240,2,0,2,1.69999980929995,140000,0,2,1
7,62,10680,19980,1,0,1,3.19999980929995,134500,0,1,1
25,34,7080,7080,2,0,2,1.69999980929995,98500,0,2,1
41,30,5316,5316,3,0,1,1,30500,0,2,1
40,52,12600,12600,1,0,2,1.69999980929995,46500,0,2,1
14,26,3360,3360,2,0,1,1.69999980929995,89500,0,1,1
4,77,6840,66840,1,0,1,1.69999980929995,148500,0,2,1
10,50,11760,11760,2,0,2,1.69999980929995,167500,0,2,1
1,48,3456,3456,1,0,1,1.69999980929995,89500,0,2,1
18,15,1680,1680,1,0,1,1,33500,0,1,1
33,47,7800,7800,2,0,2,2,62000,0,2,1
1,47,7800,44800,2,0,1,1.69999980929995,131500,0,2,1
7,58,5760,34760,1,0,2,1,85500,0,2,1
17,69,14400,14400,1,0,2,2.39999961849997,117500,0,2,1
11,78,14400,14400,1,0,2,2.19999980929995,101000,0,2,1
12,54,7200,7200,2,0,1,2.89999961849997,142500,0,1,1
0,78,8904,48904,2,0,2,1.69999980929995,119000,0,2,1
20,75,9600,9600,1,0,2,1.69999980929995,137500,0,3,1
24,120,12000,12000,2,0,2,1.5,80500,0,3,1
5,51,10932,10932,1,0,2,1,64000,0,2,1
4,62,12240,12240,2,0,1,2.69999980929995,48000,1,1,1
49,90,6000,6000,1,0,1,1.69999980929995,55500,0,3,1
0,26,8664,8664,2,0,2,1.69999980929995,96000,0,1,1
0,74,6072,6072,1,0,1,1,47500,0,3,1
24,60,18600,18600,2,0,1,1.69999980929995,105500,0,2,1
15,60,6996,6996,2,0,2,3.09999942779998,137500,0,1,1
5,61,6600,6600,1,0,1,1.69999980929995,89000,0,2,1
14,80,15600,15600,2,0,1,2.69999980929995,112500,0,2,1
2,52,13368,13368,3,0,1,1.69999980929995,88500,0,2,1
6,29,12000,12000,2,0,2,1,54000,0,2,1
6,58,12852,12852,2,0,1,2.69999980929995,113000,0,1,1
7,63,13500,13500,3,0,2,1.5,44500,0,2,1
5,83,7056,12823,2,0,1,2.69999980929995,152000,0,2,1
17,92,8400,8400,1,0,1,2.89999961849997,165000,0,2,1
6,93,21240,21240,1,0,1,3.19999980929995,142000,0,2,1
0,90,20160,49660,2,0,1,2.69999980929995,123500,0,2,1
1,60,15396,15396,2,0,1,1.69999980929995,63000,0,2,1
8,70,6720,6720,2,0,2,1.69999980929995,144000,0,2,1
8,87,6228,6228,3,0,1,1.69999980929995,209000,0,2,1
0,34,15000,15000,1,0,2,1.69999980929995,56000,0,1,1
20,88,6936,15088,1,0,1,2.19999980929995,112500,0,2,1
7,63,7752,10502,2,0,2,1.69999980929995,78000,0,2,1
11,28,5928,5928,1,0,2,1,25500,0,1,1
3,72,7200,37200,2,0,1,2.19999980929995,165500,0,2,1
22,54,9444,9444,1,0,2,1,42500,0,2,1
13,66,5580,5580,2,0,2,1,37000,0,3,1
24,120,16800,16800,2,0,2,2.39999961849997,85000,0,3,1
14,186,19800,19800,1,0,2,2.19999980929995,221500,0,3,1
0,80,7800,45800,1,0,2,3.19999980929995,182000,0,2,1
16,120,8892,8892,1,0,2,1.69999980929995,140000,0,3,1
3,120,9000,93000,1,0,2,2.69999980929995,151000,0,2,1
6,56,8400,11100,2,0,1,2.69999980929995,141500,0,1,1
2,41,5244,25744,2,0,2,1,79000,0,2,1
4,80,9600,29600,2,0,1,1,73500,0,3,1
8,86,9696,9696,1,0,2,3.09999942779998,176500,0,2,1
6,62,6240,23240,2,0,2,2.69999980929995,166000,0,1,1
6,54,13440,13440,1,0,2,1.69999980929995,122500,0,2,1
16,56,6168,6168,2,0,1,2.39999961849997,116500,0,2,1
3,58,15720,15720,1,0,1,2.69999980929995,90500,0,1,1
21,61,14400,14400,1,0,2,2.39999961849997,108500,0,2,1
5,77,8940,8940,1,0,2,1,22000,1,3,1
1,50,6240,6240,1,0,2,1.69999980929995,108000,0,2,1
15,50,7200,7200,-9999,0,1,2.69999980929995,91000,0,1,1
16,83,7680,7680,1,0,1,2.19999980929995,136500,0,2,1
2,90,6000,6000,2,0,2,2.39999961849997,120000,0,2,1
19,70,7224,11024,1,0,1,1.69999980929995,35000,1,2,1
9,74,6600,10660,3,0,2,2.69999980929995,119000,0,2,1
4,105,4500,7700,2,0,1,2.69999980929995,143500,0,2,1
5,180,13800,43200,2,0,2,2.89999961849997,310000,0,3,1
4,60,13200,13200,1,0,1,2.19999980929995,133000,0,2,1
4,78,6084,34084,2,0,2,1,79000,0,3,1
6,87,8868,23868,2,0,2,2.69999980929995,142000,0,2,1
15,51,5400,5400,1,0,1,2.89999961849997,130000,0,1,1
2,35,2100,17600,2,0,1,1,53000,0,2,1
7,55,6360,16360,1,0,1,1,73000,0,2,1
12,75,18360,18360,3,0,2,3.19999980929995,100000,0,1,1
12,60,12600,12600,2,0,2,1.5,54000,0,2,1
10,60,14400,14400,2,0,2,2.69999980929995,195000,0,1,1
6,75,17760,17760,1,0,2,2.69999980929995,116500,0,2,1
9,120,6636,19636,1,0,1,2.89999961849997,118000,0,2,1
2,63,6000,33000,2,0,1,1.69999980929995,129500,0,2,1
13,82,2400,2400,2,0,2,3.69999980929995,212000,0,1,1
15,80,13200,69200,2,0,1,3.19999980929995,131000,0,1,1
5,81,10800,14400,1,0,1,2.69999980929995,65000,0,2,1
5,33,6408,7908,1,0,1,1.69999980929995,128000,0,2,1
0,50,7716,29716,2,0,2,1.69999980929995,132500,0,2,1
2,59,6000,38000,1,0,1,2.19999980929995,84500,0,2,1
1,94,22800,22800,1,0,1,2.69999980929995,121000,0,2,1
60,220,12000,12000,1,0,1,1.69999980929995,166000,0,3,1
0,60,18000,18000,2,1,2,1.69999980929995,127500,0,2,1
15,91,10200,10200,2,0,1,2.19999980929995,140500,0,2,1
0,51,6000,11000,2,0,2,1.69999980929995,118000,0,2,1
69,34,1020,1020,2,0,1,1,37500,0,2,1
11,33,3576,3576,-9999,1,2,1,22000,1,2,1
16,152,4020,27620,1,1,2,4.29999923709998,184000,0,2,1
17,25,4176,16176,1,0,1,1.69999980929995,35000,1,2,1
0,55,12000,12000,2,1,1,1,37000,0,2,1
5,34,2856,2856,2,0,1,1,37000,0,2,1
5,96,16680,25680,2,0,2,2.69999980929995,110000,0,2,1
5,63,11400,11400,1,0,2,1.69999980929995,114000,0,2,1
4,82,14400,14400,-9999,0,1,2.89999961849997,171500,0,2,1
5,46,9600,9600,1,0,1,2.19999980929995,113500,0,2,1
3,101,11640,41640,2,0,1,2.69999980929995,167000,0,2,1
30,50,6000,7344,1,0,2,1,42000,0,2,1
4,150,7536,35536,1,0,2,1.69999980929995,203000,0,3,1
3,77,16200,16200,2,0,1,2.69999980929995,124000,0,2,1
4,83,5040,38040,1,0,2,2.19999980929995,79000,0,2,1
3,200,6264,26264,1,0,2,2.89999961849997,151500,0,3,1
33,120,1560,1560,2,1,2,1.69999980929995,91000,0,2,1
16,70,7200,7200,1,0,2,2.69999980929995,102000,0,2,1
41,150,2208,2208,2,1,2,1.69999980929995,58500,0,3,1
1,94,5100,5100,1,0,2,1.69999980929995,71000,0,2,1
18,125,2196,2196,1,0,2,4.39999961849998,126000,0,1,1
19,80,9120,9120,2,1,2,3.09999942779998,76500,0,2,1
41,112,6852,6852,1,1,2,1,29000,0,3,1
24,100,3792,3792,1,1,2,2.39999961849997,125500,0,3,1
2,93,2892,2892,2,1,2,3,134500,0,1,1
13,68,7200,7200,2,0,1,1.69999980929995,64000,0,2,1
36,90,4020,4020,2,0,2,1.69999980929995,88000,0,2,1
0,152,7260,34260,2,0,1,2.69999980929995,127500,0,2,1
23,75,5664,35664,2,0,2,1.69999980929995,100000,0,2,1
13,50,10200,10200,1,0,2,1.69999980929995,48500,0,2,1
12,57,9000,9000,1,0,2,2.19999980929995,90000,0,2,1
6,73,16560,16560,1,0,2,2.69999980929995,75500,0,2,1
10,30,3456,13056,2,0,2,1.69999980929995,91000,0,1,1
49,119,10044,10044,1,1,1,3.09999942779998,101000,0,2,1
29,100,4296,14796,2,1,2,2.39999961849997,116000,0,2,1
0,89,9480,29480,3,0,2,2,33500,1,2,1
58,120,3192,3192,2,1,2,2.19999980929995,75000,0,2,1
14,106,6600,61600,3,1,1,1.5,98500,0,3,1
15,80,4872,5492,1,1,2,1,42500,0,3,1
7,86,9504,27504,1,1,2,1.69999980929995,103500,0,2,1
15,53,11400,11400,2,0,1,2.39999961849997,105500,0,2,1
2,78,6264,6264,1,0,1,1.69999980929995,169000,0,2,1
2,52,8760,8760,2,0,1,1.69999980929995,73500,0,2,1
1,62,14040,14040,1,0,1,2.19999980929995,85500,0,2,1
0,64,5892,33892,3,0,1,1,80000,0,2,1
6,75,10800,26870,2,0,2,2.69999980929995,132000,0,2,1
10,50,4920,4920,2,0,2,1,34500,0,2,1
18,60,13080,13080,1,0,1,1.69999980929995,59500,0,2,1
8,74,5520,6960,1,0,2,2.19999980929995,107000,0,2,1
1,175,8052,58052,1,0,1,2.69999980929995,130500,0,3,1
42,80,3600,3600,2,1,2,1.69999980929995,43500,0,3,1
0,69,19200,19200,2,1,2,1.69999980929995,38000,0,2,1
4,76,5400,33400,1,1,1,2.19999980929995,140000,0,2,1
5,48,12000,12000,2,1,1,2.19999980929995,96500,0,2,1
0,120,0,0,1,0,2,2.19999980929995,128500,0,3,1
15,110,9228,9228,1,1,2,2.69999980929995,121500,0,2,1
25,120,5172,7372,1,1,1,3.09999942779998,128500,0,3,1
1,80,1200,1200,1,1,2,1.69999980929995,64000,0,2,1
22,89,4356,13856,1,1,1,3.39999961849997,130500,0,2,1
12,40,3804,3804,3,1,2,2.39999961849997,118000,0,1,1
38,160,6600,6600,2,1,1,1.69999980929995,145000,0,3,1
10,78,10080,64080,1,1,1,1.69999980929995,91000,0,2,1
3,40,5400,5400,2,0,1,1,42500,0,2,1
12,63,4560,4560,2,0,1,1.69999980929995,127500,0,2,1
0,237,22200,29200,2,1,1,2.89999961849997,152500,0,3,1
0,33,7800,7800,1,0,2,1,37000,0,2,1
14,65,11136,11136,2,0,2,1,46000,0,2,1
17,120,9540,22831,1,0,1,2.89999961849997,186500,0,2,1
3,78,16272,16272,2,0,1,3.89999961849997,129000,0,1,1
1,65,6492,42492,2,0,2,2.19999980929995,99000,0,2,1
2,63,10920,40920,1,0,1,2.19999980929995,105500,0,2,1
0,77,7800,46200,2,0,2,2.69999980929995,101000,0,2,1
13,70,6000,52800,1,0,1,1.69999980929995,129000,0,2,1
0,84,15840,15840,2,1,2,1.5,42000,0,2,1
21,20,4800,4800,3,0,1,1,20000,1,1,1
29,80,19200,19200,2,0,1,2.69999980929995,70000,0,2,1
11,67,7800,18500,2,0,2,2,42000,1,2,1
8,31,7200,7200,1,0,2,1,35000,0,2,1
2,87,5040,41040,1,1,1,3.59999942779998,107000,0,1,1
33,37,6840,6840,3,1,2,1,25000,0,2,1
1,102,5280,37280,2,1,1,2.19999980929995,112000,0,2,1
10,115,5700,21700,2,1,2,3.69999980929995,148000,0,1,1
0,41,6000,6000,2,0,1,1,74000,0,2,1
0,82,5664,13664,2,1,1,2.19999980929995,92000,0,2,1
37,102,2244,2657,1,1,2,3.09999942779998,130500,0,2,1
12,80,9360,9360,2,0,1,2.69999980929995,174000,0,2,1
13,77,8400,8400,2,0,2,2.89999961849997,139500,0,2,1
12,194,9720,14520,2,0,2,3.89999961849997,140500,0,2,1
5,70,6360,21360,2,0,1,2.19999980929995,109000,0,2,1
20,85,5760,5760,2,0,1,1.69999980929995,89500,0,3,1
13,61,5124,5124,2,0,2,1.69999980929995,56500,0,2,1
3,51,3000,3000,3,0,1,1.69999980929995,106000,0,2,1
2,31,3600,8100,1,0,1,1,62000,0,2,1
4,37,3012,4772,2,0,2,1.69999980929995,74500,0,1,1
31,107,6600,31600,2,0,1,2.19999980929995,120000,0,2,1
2,50,3600,3600,2,0,1,1.69999980929995,65500,0,2,1
5,74,16440,16440,2,0,1,3.19999980929995,109500,0,1,1
14,62,12000,12000,2,0,1,2.39999961849997,118500,0,2,1
6,24,5400,5400,2,0,2,1,28000,0,2,1
3,41,7440,7440,2,0,1,1.69999980929995,59500,0,2,1
5,93,18000,18000,2,0,2,3.19999980929995,109000,0,2,1
2,79,5712,25712,1,0,1,2.19999980929995,129000,0,2,1
8,96,8400,8400,1,0,1,2.19999980929995,138500,0,2,1
6,50,11160,11160,1,1,1,1.69999980929995,110500,0,2,1
2,55,1320,28920,2,1,2,2.69999980929995,131500,0,1,1
0,50,4140,4140,2,1,1,1,54500,0,2,1
32,55,5244,5244,2,1,2,2.39999961849997,112500,0,2,1
11,200,5100,5100,1,1,2,1.69999980929995,93000,0,3,1
0,75,19200,19200,3,0,2,1.5,87000,0,2,1
31,140,9240,9240,1,1,1,2.39999961849997,147500,0,3,1
2,77,0,0,2,1,1,1.69999980929995,53000,0,2,1
2,50,6000,6000,2,0,1,1,9500,1,3,1
0,61,13200,13200,3,0,1,1.69999980929995,29000,1,2,1
22,75,4356,4356,2,0,1,2.69999980929995,69000,0,1,1
48,80,1248,1248,1,0,1,1.69999980929995,89500,0,2,1
56,55,2088,2088,3,0,2,1,21500,1,2,1
65,80,4200,4200,2,0,2,1.69999980929995,65000,0,2,1
18,150,4284,4284,1,0,1,2.89999961849997,137500,0,2,1
8,118,5184,28334,1,1,2,2.69999980929995,118000,0,2,1
16,80,6600,6600,2,0,2,3.19999980929995,132000,0,1,1
1,57,16440,16440,1,1,2,2.19999980929995,76500,0,2,1
23,130,0,0,-9999,1,1,1.69999980929995,36000,1,3,1
53,70,468,468,-9999,1,2,2.89999961849997,124500,0,1,1
40,140,1332,3532,1,1,1,3.69999980929995,52000,1,2,1
68,70,3600,3600,2,0,1,1.69999980929995,42500,0,2,1
1,140,14400,14400,2,0,2,3.19999980929995,114500,0,2,1
58,98,3804,3804,2,1,2,1.69999980929995,82500,0,2,1
4,68,4800,20600,1,1,1,2.19999980929995,90000,0,2,1
27,23,1440,1440,-9999,0,1,1,23500,0,2,1
19,75,6648,6648,2,0,2,3.09999942779998,114000,0,2,1
19,31,4452,4452,1,0,2,1,31000,0,2,1
31,35,1200,1200,3,0,1,1,65000,0,2,1
0,74,10800,10800,1,0,2,1.69999980929995,63500,0,2,1
13,64,6816,16632,1,1,2,1,45500,0,2,1
39,70,3312,3312,1,1,1,1.69999980929995,62500,0,2,1
2,57,12372,12372,1,1,1,2.19999980929995,58500,0,2,1
35,115,6000,6000,1,1,1,2.39999961849997,95500,0,2,1
16,43,4032,4032,2,0,2,1,73000,0,2,1
3,76,10956,40956,2,0,1,1.69999980929995,142500,0,2,1
16,107,9936,9936,1,0,2,2.39999961849997,158000,0,2,1
1,83,9180,31080,1,0,1,1.69999980929995,96500,0,3,1
1,78,7200,7200,1,0,2,2.19999980929995,108000,0,1,1
2,78,20520,47520,1,1,2,1.69999980929995,149500,0,2,1
6,48,3588,5547,1,1,2,1,38500,0,2,1
19,134,4992,14992,2,1,1,3.89999961849997,114000,0,1,1
4,100,4800,4800,1,0,2,1.69999980929995,84000,0,3,1
17,74,7116,82116,2,0,1,2.39999961849997,99000,0,2,1
2,97,4320,34320,2,0,2,2.19999980929995,120500,0,2,1
15,94,6840,6840,2,0,1,2.89999961849997,116000,0,2,1
2,240,4800,46800,2,1,1,2.69999980929995,138500,0,3,1
0,79,21600,21600,1,0,1,2.69999980929995,107500,0,2,1
7,60,11472,11472,2,1,1,1.69999980929995,53000,0,2,1
5,84,7200,55200,1,1,2,2.19999980929995,225000,0,2,1
21,100,16800,16800,1,1,2,1.69999980929995,132500,0,3,1
26,80,14868,14868,2,1,1,2.39999961849997,154000,0,2,1
11,237,6000,6000,2,1,1,3.09999942779998,275500,0,3,1
55,60,4548,4548,1,1,1,2.39999961849997,101000,0,2,1
12,71,11376,11376,2,1,2,2.69999980929995,147500,0,2,1
70,60,396,396,1,1,2,4.09999942779998,83000,1,1,1
6,63,2640,16740,1,1,2,2.69999980929995,66000,0,2,1
3,55,11640,11640,2,1,1,1.69999980929995,60000,0,2,1
22,76,16140,16140,2,1,1,2.89999961849997,106500,0,2,1
7,100,3660,3660,1,0,1,1.69999980929995,44500,0,2,1
25,90,1560,1560,1,0,1,3.09999942779998,120000,0,2,1
37,84,1116,1116,2,0,2,3.59999942779998,92500,0,1,1
9,110,8040,52040,2,0,1,2.69999980929995,99000,0,2,1
13,120,6504,15504,2,0,1,3.09999942779998,141000,0,2,1
30,79,3480,3480,2,0,1,1.69999980929995,101000,0,2,1
56,85,6000,6000,1,1,2,1.69999980929995,78000,0,3,1
0,44,8532,8532,2,0,2,1,18000,1,2,1
0,59,13632,13632,2,1,1,1,68000,0,2,1
28,75,276,276,1,1,1,3.39999961849997,89000,0,1,1
71,40,3216,3216,3,1,2,1,21000,1,2,1
23,100,6396,7658,2,1,2,2.39999961849997,242500,0,2,1
14,100,5292,5292,3,1,2,3.39999961849997,145000,0,2,1
75,50,3960,3960,-9999,1,2,1,27500,0,2,1
7,176,5472,7096,2,1,2,2,92500,0,3,1
10,50,0,0,1,0,1,2.39999961849997,131000,0,1,1
44,55,5040,5040,1,0,2,1,47000,0,2,1
6,52,12648,12648,2,0,2,2.69999980929995,73000,0,1,1
45,63,8400,8400,2,0,2,2.39999961849997,96500,0,2,1
38,61,5856,23856,2,0,2,1.69999980929995,96000,0,2,1
30,85,4800,4800,2,0,1,1.69999980929995,66500,0,2,1
5,57,13176,13176,2,0,1,1.69999980929995,84500,0,2,1
3,76,12516,25123,2,0,2,2.69999980929995,101000,0,2,1
22,85,4200,5100,1,0,2,2.39999961849997,127500,0,2,1
13,136,6000,6000,2,0,2,1.69999980929995,71500,0,3,1
18,80,12000,12000,3,0,1,2.89999961849997,126500,0,2,1
25,52,6960,6960,2,0,1,2.89999961849997,113500,0,1,1
31,70,6840,6840,1,0,1,1.69999980929995,61500,0,2,1
32,82,4980,4980,1,0,2,1.69999980929995,61500,0,2,1
1,63,12684,12684,1,0,2,2.89999961849997,94000,0,2,1
15,68,7800,7800,2,0,1,3.09999942779998,151500,0,2,1
19,86,13704,13704,2,0,1,2.39999961849997,115500,0,2,1
32,130,6708,6708,2,0,1,1.69999980929995,54000,0,3,1
1,64,1284,26284,2,0,2,1.69999980929995,122500,0,2,1
21,75,14400,14400,2,0,2,2.39999961849997,85500,0,2,1
6,100,6840,31440,2,0,2,1.69999980929995,57000,0,2,1
23,120,6240,10740,2,0,1,1.69999980929995,100500,0,3,1
4,110,3120,30120,2,0,1,2.39999961849997,77000,0,2,1
6,105,6840,30840,2,0,2,2.69999980929995,80500,0,2,1
34,60,1320,1320,3,1,2,1.69999980929995,47000,0,2,1
6,200,3600,12600,1,1,1,3.09999942779998,95500,0,2,1
0,20,3600,3600,2,0,1,1.69999980929995,120500,0,2,1
3,55,12000,12000,1,0,2,2.19999980929995,110500,0,2,1
42,82,6888,6888,1,0,1,1.69999980929995,65500,0,2,1
25,84,6600,6600,2,0,2,1.69999980929995,125500,0,2,1
27,64,12360,12360,1,0,1,1.69999980929995,94500,0,2,1
1,12,5280,5280,2,0,1,1,13500,1,2,1
4,38,9120,9120,1,0,2,1,30500,0,2,1
1,64,14400,14400,2,0,2,2.69999980929995,102000,0,2,1
1,82,4920,21920,1,0,1,2.69999980929995,125000,0,2,1
3,100,6180,24380,2,0,1,2.39999961849997,169000,0,2,1
4,80,20400,20400,2,0,2,2,74500,0,2,1
14,79,7704,7704,1,0,2,1.69999980929995,100000,0,2,1
19,120,9984,12634,2,0,1,3.79999923709998,179000,0,2,1
0,72,6348,6348,2,0,1,1,50500,0,3,1
5,120,4800,4800,2,0,2,2.19999980929995,95000,0,2,1
26,70,5880,5880,2,0,2,2.39999961849997,90000,0,2,1
6,220,11700,51700,1,0,1,4.59999942779998,195000,0,2,1
1,62,12744,22844,1,0,2,2.69999980929995,92500,0,1,1
42,240,24000,24000,2,1,1,4.29999923709998,145500,0,2,1
34,150,2988,2988,2,1,2,2.39999961849997,104000,0,3,1
36,150,1620,1620,1,0,2,3.79999923709998,163000,0,1,1
65,80,3720,3720,-9999,0,2,1.69999980929995,58500,0,3,1
2,22,6276,6276,1,0,2,1,15000,1,1,1
0,60,10272,10272,2,1,2,1.69999980929995,42500,0,2,1
10,69,20040,20040,2,1,1,2.69999980929995,88000,0,2,1
26,86,7800,8360,1,1,1,2.39999961849997,95500,0,2,1
40,56,6000,6000,2,1,2,2.39999961849997,139000,0,2,1
2,12,3720,3720,2,1,2,.5,7000,0,1,1
5,75,17376,17376,1,0,2,2.69999980929995,88500,0,2,1
9,90,5736,7501,2,0,2,2.69999980929995,131000,0,2,1
5,103,3000,26500,2,0,1,2.69999980929995,106000,0,2,1
10,45,4680,18180,1,0,2,2.69999980929995,95000,0,2,1
13,92,1020,5420,3,0,1,1.69999980929995,55500,0,2,1
10,131,5160,8360,2,1,1,2.39999961849997,181500,0,3,1
10,86,4440,7470,2,1,1,2.89999961849997,138000,0,2,1
2,71,15072,15072,1,1,1,3.39999961849997,111000,0,1,1
14,119,7200,20700,2,0,1,2.39999961849997,132000,0,3,1
10,24,3000,3000,2,0,2,1,33000,0,2,1
0,40,4680,4680,3,0,1,1,51500,0,2,1
9,103,16068,16068,1,0,2,2.69999980929995,144000,0,2,1
5,39,3900,11400,3,0,2,1,50500,0,2,1
25,10,2520,2520,3,0,1,1,23500,0,1,1
16,52,4236,4236,1,0,2,1.69999980929995,72500,0,2,1
26,70,12000,12000,1,0,2,2.39999961849997,117000,0,2,1
5,95,7200,7200,3,0,1,2.39999961849997,114000,0,2,1
1,140,24000,24000,2,0,1,4.09999942779998,124500,0,2,1
10,70,10332,10332,2,0,1,1.69999980929995,53000,0,2,1
20,88,14004,14004,2,0,2,2.39999961849997,121000,0,2,1
0,60,5904,5904,2,0,2,1.69999980929995,81500,0,2,1
2,33,3108,11376,2,0,1,1.69999980929995,72000,0,1,1
6,116,8040,13040,2,0,1,2.69999980929995,148500,0,2,1
3,119,11124,40624,2,0,2,2.69999980929995,129500,0,2,1
38,50,4032,4032,1,0,1,1.69999980929995,65500,0,2,1
13,140,12000,15900,3,0,1,2.89999961849997,124500,0,2,1
11,84,19800,19800,1,0,1,3.89999961849997,132500,0,1,1
34,76,8400,8400,2,0,1,1.69999980929995,77000,0,2,1
2,83,4800,26800,2,0,2,3.09999942779998,119500,0,2,1
7,102,4140,10830,1,0,2,2.69999980929995,106000,0,2,1
8,120,5520,17820,1,0,1,3.39999961849997,145000,0,2,1
3,107,6108,44868,1,1,1,2.39999961849997,124000,0,2,1
1,62,14760,14760,1,0,2,2.19999980929995,91500,0,2,1
4,59,4680,4680,1,1,2,1.69999980929995,47000,0,2,1
57,65,240,240,2,1,1,3.59999942779998,45000,1,1,1
1,59,15192,15192,2,1,1,2.69999980929995,102000,0,1,1
3,46,10320,10320,2,1,2,1,48500,0,2,1
34,75,1200,1200,2,1,2,2.39999961849997,60000,0,2,1
30,50,6000,6000,2,0,1,1.69999980929995,71000,0,2,1
12,30,5640,5640,2,0,2,2.69999980929995,88500,0,1,1
5,70,6120,18120,1,0,1,2.19999980929995,135500,0,2,1
21,100,6240,6240,1,0,1,1.69999980929995,114000,0,3,1
5,95,6000,38500,1,0,2,3.59999942779998,143500,0,2,1
0,105,5160,25660,2,0,1,2.19999980929995,104500,0,2,1
12,112,5880,11880,1,0,2,2.89999961849997,107500,0,2,1
8,117,3960,47460,1,0,1,3.09999942779998,184500,0,2,1
6,35,2100,2100,2,0,2,2.19999980929995,77500,0,1,1
6,76,15348,15348,2,0,1,2.69999980929995,58500,1,2,1
7,56,4068,24468,1,0,1,3.39999961849997,146500,0,1,1
6,77,13200,16592,2,0,2,2.19999980929995,82000,0,2,1
12,125,7200,27200,1,0,1,2.69999980929995,179000,0,3,1
0,60,7200,7200,2,0,1,1,6500,1,2,1
20,120,4560,15560,2,1,1,1.69999980929995,85500,0,3,1
4,60,12960,12960,2,0,2,2.69999980929995,107500,0,1,1
30,100,3600,4600,1,0,1,1.69999980929995,99500,0,2,1
18,100,7200,7200,1,0,1,2.89999961849997,81000,0,2,1
40,90,3840,4740,1,0,1,1.69999980929995,48500,0,3,1
9,130,6240,18240,1,0,2,3.89999961849997,118500,0,2,1
20,80,9000,9000,2,1,1,2.39999961849997,114000,0,2,1
0,59,12276,12276,1,0,1,1.69999980929995,83500,0,2,1
37,42,600,600,1,1,2,1.69999980929995,42000,0,2,1
9,49,10320,10320,2,1,1,1.69999980929995,110000,0,2,1
26,97,5220,5220,1,1,2,1.69999980929995,72000,0,3,1
6,120,7860,7860,1,1,1,2.19999980929995,189000,0,2,1
4,170,3720,29020,1,1,2,2.69999980929995,115500,0,2,1
30,110,720,720,2,1,2,3.39999961849997,72000,1,2,1
23,90,9252,22252,1,0,1,2.19999980929995,154000,0,2,1
6,51,5160,5160,-9999,0,1,1.69999980929995,48500,0,2,1
12,107,3144,8744,1,0,1,2.89999961849997,155500,0,2,1
3,76,11616,14016,2,1,1,2.19999980929995,98000,0,2,1
5,66,7560,52560,1,1,2,1.69999980929995,158500,0,2,1
2,58,15312,15312,1,1,1,1.69999980929995,111500,0,2,1
31,121,2424,2424,2,1,1,3.09999942779998,101500,0,2,1
15,100,876,6401,2,1,2,3.39999961849997,111000,0,2,1
24,80,7800,18550,2,0,2,2.39999961849997,106000,0,2,1
5,138,19200,89200,1,1,1,3.39999961849997,78500,0,2,1
24,61,11400,11400,2,1,1,2.19999980929995,65500,0,2,1
24,25,2400,2400,2,1,2,1,27500,0,2,1
37,70,5820,5820,2,1,2,1.69999980929995,64000,0,3,1
20,150,18000,18000,1,1,1,4.49999904629995,186000,0,2,1
5,137,960,19960,2,1,1,2.89999961849997,114500,0,2,1
4,56,11328,11328,2,0,1,2.19999980929995,97000,0,2,1
33,232,0,0,2,0,2,1.69999980929995,87000,0,3,1
9,97,5028,5028,2,1,2,1.69999980929995,50500,0,2,1
42,215,6600,6600,2,1,1,3.89999961849997,115000,0,2,1
23,120,1944,1944,1,1,1,1.69999980929995,59500,0,3,1
14,110,10800,31200,1,0,1,2.39999961849997,175500,0,2,1
16,145,18000,39000,2,0,2,2.19999980929995,124000,0,3,1
5,70,6144,12486,3,0,1,2.39999961849997,93500,0,2,1
4,64,4920,5870,2,1,1,1.69999980929995,75500,0,2,1
25,75,480,480,1,1,2,3.09999942779998,137000,0,2,1
10,120,3720,3720,1,1,1,1.69999980929995,51500,0,3,1
10,56,2340,5840,2,1,2,2.89999961849997,80000,0,1,1
2,70,8400,23578,1,0,2,1,65000,0,3,1
28,117,7200,29200,1,1,1,2.19999980929995,92000,0,2,1
3,72,6036,6036,1,1,2,3.09999942779998,164500,0,2,1
14,72,6480,6480,2,1,1,1,54500,0,3,1
38,76,3420,3420,2,1,1,1.69999980929995,79500,0,3,1
59,156,1800,9978,1,1,2,3.09999942779998,112000,0,3,1
63,111,6924,6924,1,1,1,2.39999961849997,104000,0,3,1
8,120,4200,44200,1,0,1,2.39999961849997,132000,0,2,1
7,76,14244,14244,2,0,1,2.89999961849997,71500,0,2,1
8,120,6000,18500,2,0,2,2.89999961849997,121000,0,2,1
45,86,5100,5600,2,1,2,1.69999980929995,72500,0,2,1
58,86,684,684,2,1,1,1.69999980929995,54000,0,2,1
9,119,7428,41127,1,1,1,3.39999961849997,129000,0,2,1
61,144,4560,4560,2,1,1,1.69999980929995,84000,0,3,1
4,120,6600,36600,1,1,1,2.69999980929995,124500,0,2,1
10,160,5220,5220,2,1,1,3.19999980929995,110000,0,2,1
10,78,6024,6024,2,1,1,1,115500,0,3,1
28,110,6000,18524,2,1,1,1.69999980929995,95500,0,3,1
26,150,5400,19400,2,1,2,3.59999942779998,140000,0,2,1
4,80,5340,23820,2,1,1,2.19999980929995,60000,0,2,1
2,75,6300,31300,2,1,1,2.19999980929995,163500,0,2,1
0,75,6120,8620,1,1,2,2.19999980929995,131000,0,2,1
15,120,3912,18912,1,1,1,2.69999980929995,119500,0,2,1
2,66,14160,14160,2,1,2,1.69999980929995,67500,0,2,1
38,110,3720,7120,1,1,1,2.39999961849997,75000,0,2,1
44,240,11496,41496,1,1,1,2.39999961849997,115000,0,3,1
1,35,5400,5400,2,0,2,1,10500,1,2,1
25,105,20400,20400,1,0,1,1.69999980929995,77000,0,2,1
17,79,3240,3240,2,1,2,2.19999980929995,98000,0,2,1
42,45,4272,4272,1,1,2,1.69999980929995,47000,0,2,1
15,143,5304,19604,2,1,1,2.69999980929995,150000,0,2,1
2,60,18000,18000,1,0,2,2,72500,0,2,1
1,61,7200,7200,2,0,1,1,68000,0,2,1
6,118,5400,20400,2,0,1,2.69999980929995,133500,0,2,1
20,52,4368,6718,1,1,2,1,57500,0,2,1
3,95,13716,22069,1,1,1,2.69999980929995,98500,0,2,1
53,130,3600,3600,1,1,2,2.39999961849997,96500,0,3,1
10,130,6396,18396,2,1,1,3.19999980929995,109000,0,2,1
1,33,2220,2220,1,0,1,1,11500,1,2,1
4,51,4200,17880,1,0,2,1.69999980929995,111000,0,2,1
15,110,8364,8364,2,0,1,2.39999961849997,105000,0,3,1
24,54,9120,9120,2,0,1,1.69999980929995,89500,0,2,1
35,88,5616,6216,2,0,2,1.69999980929995,48500,0,2,1
19,99,2376,2376,1,0,2,2.39999961849997,144500,0,2,1
0,93,18672,18672,2,1,1,2.39999961849997,42000,1,2,1
50,55,720,720,2,1,1,1.69999980929995,47500,0,2,1
70,68,600,600,1,1,2,1.69999980929995,65000,0,2,1
47,80,0,0,2,1,2,1.69999980929995,60500,0,3,1
0,34,10800,10800,2,0,2,1,11000,1,2,1
71,84,5160,20160,2,1,1,1.69999980929995,85500,0,2,1
6,138,7800,62800,1,0,2,3.89999961849997,148500,0,2,1
18,120,7716,10441,1,0,2,2.69999980929995,310000,0,2,1
14,80,8004,38004,1,1,2,2.89999961849997,228500,0,2,1
10,126,7380,41180,2,1,2,1.69999980929995,171000,0,3,1
29,150,3960,3960,2,1,1,3.59999942779998,214500,0,2,1
10,100,3600,3600,1,1,2,3.09999942779998,172500,0,2,1
46,140,1404,1404,1,1,1,1.69999980929995,81000,0,3,1
71,82,6612,6612,1,1,2,1.69999980929995,47500,0,2,1
76,75,3348,3348,2,1,1,1.69999980929995,48500,0,2,1
2,35,3000,21500,3,1,1,1,52500,0,2,1
14,130,4200,9200,2,0,1,2.69999980929995,149500,0,2,1
4,100,5100,27100,1,0,2,2.19999980929995,127500,0,2,1
0,35,10800,10800,2,1,1,1.69999980929995,13000,1,2,1
4,45,3780,13280,2,0,2,1,38500,0,2,1
0,55,5976,5976,2,0,2,2.39999961849997,135500,0,2,1
46,53,4368,4368,1,0,2,1,24000,0,2,1
1,96,2352,32352,1,0,1,2.69999980929995,156000,0,2,1
1,40,3960,3960,2,0,2,1.5,77000,0,2,1
5,34,2244,2244,2,0,1,1.69999980929995,41500,0,2,1
15,100,8520,8520,2,0,1,3.79999923709998,189500,0,2,1
10,71,6600,6600,1,0,1,2.39999961849997,138000,0,2,1
0,33,12000,12000,2,0,2,1.69999980929995,37000,1,1,1
20,76,7380,7380,-9999,0,2,1.69999980929995,108000,0,2,1
13,80,12000,12000,2,0,2,2.69999980929995,113500,0,2,1
1,52,10200,10200,2,0,1,1.69999980929995,107000,0,2,1
1,47,9600,9600,1,0,2,1.69999980929995,79000,0,2,1
1,100,9600,14100,1,0,2,2.69999980929995,150000,0,2,1
12,49,5160,5160,2,0,1,2.69999980929995,101000,0,1,1
4,54,8544,16744,3,0,2,1,79000,0,2,1
4,82,13560,13560,2,0,1,3.19999980929995,104000,0,1,1
3,80,6960,18160,2,0,2,2.89999961849997,102000,0,2,1
1,67,12000,48000,1,0,2,1.69999980929995,107000,0,2,1
1,57,13920,13920,2,0,1,2.19999980929995,83500,0,2,1
1,100,7740,29740,1,0,1,2.69999980929995,144500,0,2,1
2,200,15000,15000,2,1,2,2.89999961849997,130000,0,3,1
0,130,28980,28980,1,0,2,2.39999961849997,108500,0,2,1
19,130,7800,33800,2,0,2,3.39999961849997,134500,0,2,1
2,56,10380,10380,1,0,2,1.69999980929995,85500,0,2,1
13,130,12600,60600,2,1,2,2.39999961849997,133000,0,3,1
42,82,7200,9000,2,1,2,1,34500,0,3,1
8,97,5400,19400,1,1,2,3.69999980929995,94000,0,1,1
10,107,4800,24300,2,1,2,2.19999980929995,121500,0,2,1
10,144,7080,36077,2,1,2,2.89999961849997,164000,0,2,1
8,104,4920,19820,2,1,2,2,59500,0,2,1
44,70,720,720,1,1,2,1.69999980929995,50000,0,2,1
8,100,3300,9300,1,0,1,3.59999942779998,110500,0,2,1
26,130,5340,5340,2,1,2,3.59999942779998,135000,0,2,1
17,110,5760,5760,2,1,1,3.39999961849997,166000,0,2,1
10,118,2652,13652,2,1,1,2.19999980929995,107500,0,2,1
3,105,2172,26172,2,1,2,3.19999980929995,132000,0,2,1
33,140,4740,8740,1,1,2,2.69999980929995,83500,0,2,1
25,78,8400,8400,2,1,1,1.69999980929995,86000,0,2,1
3,25,3600,3600,-9999,1,2,1,22000,1,1,1
9,100,3000,3000,1,1,1,1.69999980929995,89000,0,3,1
28,78,7200,7200,2,0,2,1.69999980929995,117000,0,2,1
4,102,8520,32520,1,0,1,2.89999961849997,144500,0,2,1
5,120,1200,25200,1,1,1,2.89999961849997,122500,0,2,1
40,100,3456,3456,2,1,2,1.69999980929995,78000,0,3,1
10,76,12720,12720,2,1,2,2.89999961849997,87500,0,2,1
15,62,12000,12000,1,1,2,3.09999942779998,148500,0,2,1
17,84,17460,17460,1,1,2,2.19999980929995,57000,0,2,1
11,68,7920,7920,1,0,1,2.39999961849997,123500,0,2,1
8,90,7920,10720,1,0,2,2.69999980929995,124000,0,2,1
11,112,4800,32000,2,0,1,3.19999980929995,169500,0,2,1
12,119,9000,16000,1,0,1,2.89999961849997,132500,0,2,1
0,30,7200,7200,3,0,1,1,96500,0,2,1
0,115,23400,42920,2,1,2,2.69999980929995,90500,0,2,1
22,54,12864,12864,1,1,2,1.69999980929995,63500,0,2,1
34,79,5700,23450,2,1,1,1.69999980929995,132000,0,2,1
0,25,5916,5916,2,1,2,1,36000,0,2,1
52,45,996,996,2,1,1,1,30500,0,2,1
1,68,10200,10200,2,1,1,2.19999980929995,90000,0,2,1
23,100,1800,26800,2,1,1,2.39999961849997,147000,0,2,1
13,66,7008,11008,2,0,2,2.19999980929995,86500,0,2,1
14,59,9960,9960,1,0,2,1,64000,0,2,1
0,117,5640,7490,2,0,2,1.5,54500,0,3,1
2,23,4320,4320,2,0,2,1,32000,0,2,1
6,70,4500,16500,2,0,1,1.69999980929995,106000,0,3,1
15,63,5640,15840,1,0,1,2.39999961849997,105000,0,2,1
3,60,10800,10800,2,0,2,2.39999961849997,97000,0,2,1
6,80,5964,19564,2,0,2,2.19999980929995,111000,0,2,1
6,70,8004,22004,2,0,1,1.69999980929995,125500,0,2,1
7,181,7200,7200,1,0,1,3.39999961849997,146500,0,2,1
32,110,4500,4500,2,0,1,1.69999980929995,43000,0,3,1
10,80,6204,9604,2,0,1,3.19999980929995,142000,0,1,1
3,32,2892,18892,2,0,1,1,51500,0,2,1
47,78,4140,16140,1,0,1,2.89999961849997,82500,0,2,1
3,135,10200,27200,1,0,1,2.69999980929995,173000,0,3,1
21,100,6000,24000,2,0,1,2.69999980929995,105500,0,2,1
35,87,4992,4992,2,0,2,2.39999961849997,160500,0,2,1
47,110,4284,4284,1,0,2,1.69999980929995,95500,0,3,1
23,90,4800,14400,1,0,1,2.69999980929995,107000,0,2,1
45,65,5856,5856,2,1,1,3.59999942779998,198000,0,2,1
39,54,3708,3708,2,1,1,3.89999961849997,87500,1,1,1
72,51,8796,8796,2,0,2,1,42500,0,2,1
22,86,5760,5760,1,0,1,2.19999980929995,132000,0,2,1
23,58,6000,6000,2,0,1,1.69999980929995,85000,0,2,1
1,67,8280,8280,1,0,2,1.69999980929995,55500,0,2,1
0,79,7632,45432,1,0,2,1.69999980929995,146500,0,3,1
4,120,9600,32600,1,0,1,2.69999980929995,162000,0,3,1
19,114,12000,26916,1,0,2,1.69999980929995,160000,0,3,1
13,74,6900,6900,-9999,0,2,1,38500,0,3,1
33,83,9888,10137,2,0,2,3.09999942779998,158000,0,2,1
1,76,16716,16716,1,0,2,2.69999980929995,82500,0,2,1
23,76,8880,8880,1,1,2,3.09999942779998,81000,0,2,1
12,126,6108,6108,2,1,1,2.69999980929995,117000,0,2,1
1,57,16500,16500,1,1,2,2.19999980929995,67500,0,2,1
7,59,5268,7572,2,1,2,2.69999980929995,110000,0,1,1
25,106,540,540,1,1,1,3.69999980929995,51500,1,1,1
15,200,5400,15400,1,1,2,2.89999961849997,119000,0,2,1
35,62,2148,2148,3,1,1,1,20500,1,2,1
2,83,5700,17810,1,1,1,2.19999980929995,93000,0,2,1
50,96,7200,7200,1,1,1,4.59999942779998,94000,1,1,1
65,104,2160,2160,2,1,1,2.39999961849997,80500,0,2,1
38,92,1800,1800,2,1,2,2.39999961849997,44000,1,3,1
53,40,0,0,1,1,2,1,26000,0,2,1
20,119,10800,23200,2,1,1,1.69999980929995,49000,0,3,1
0,50,15600,15600,-9999,1,2,1.69999980929995,60500,0,2,1
6,120,5136,5136,2,1,2,2.39999961849997,114000,0,2,1
4,90,2952,22872,2,0,2,2.69999980929995,110000,0,2,1
16,105,8220,8220,2,0,1,3.39999961849997,126500,0,2,1
5,80,7200,24700,1,0,1,1.69999980929995,99500,0,3,1
6,80,4800,17600,2,0,1,1.69999980929995,141000,0,3,1
0,50,11568,11568,2,0,2,1,27500,0,2,1
5,60,9600,27600,2,0,1,2.19999980929995,111500,0,2,1
6,120,8400,29110,3,0,2,2.69999980929995,115000,0,2,1
10,28,3504,17544,1,0,1,1,53000,0,2,1
19,90,3960,3960,2,0,2,4.29999923709998,115000,0,1,1
24,60,4680,4730,1,0,2,1,66500,0,3,1
40,98,648,648,2,1,2,1.69999980929995,28500,1,2,1
30,103,8868,22368,1,0,1,2.19999980929995,170500,0,2,1
25,55,5880,5880,1,0,2,1.69999980929995,53500,0,2,1
4,43,9312,9312,2,0,2,1,39500,0,2,1
2,111,6840,44840,2,0,1,2.69999980929995,89000,0,2,1
15,78,15588,15588,1,0,2,1.69999980929995,77000,0,2,1
13,130,7848,12848,1,0,2,2.89999961849997,128000,0,2,1
7,59,7968,10368,1,0,2,1,39500,0,2,1
5,79,5688,5688,2,0,2,1.69999980929995,66000,0,2,1
24,72,1680,1680,2,0,1,2.39999961849997,109500,0,2,1
60,90,1236,1236,2,1,2,1.69999980929995,62000,0,2,1
34,120,4200,4200,2,1,2,1.69999980929995,102500,0,2,1
78,105,1440,1440,2,1,1,3.09999942779998,76000,0,2,1
2,80,5040,5040,2,1,2,1,13500,1,2,1
10,36,8400,8400,2,0,2,1,26000,0,2,1
36,53,5136,5136,2,0,2,1.69999980929995,86500,0,2,1
16,69,14400,14400,2,0,2,1.69999980929995,84000,0,2,1
10,120,7320,11320,1,0,2,3.09999942779998,132000,0,2,1
30,53,4800,4800,1,1,2,1.69999980929995,75000,0,3,1
1,47,4320,4320,1,0,2,1,36000,0,2,1
15,100,13200,13200,1,0,1,2.89999961849997,168500,0,2,1
8,200,7860,20460,2,1,1,1.69999980929995,161000,0,2,1
37,70,0,0,1,1,2,1,26500,0,1,1
28,36,840,840,1,1,1,3.09999942779998,120500,0,1,1
1,34,8568,8568,1,0,1,1.69999980929995,26000,1,2,1
50,12,0,0,3,1,1,1.69999980929995,56000,0,1,1
39,60,3324,3324,1,1,1,1.69999980929995,73500,0,3,1
19,120,8040,8040,2,1,1,2.39999961849997,230000,0,3,1
40,65,3240,3240,2,1,2,1,30500,0,3,1
34,51,7512,9162,2,0,2,1.69999980929995,62500,0,2,1
1,126,4200,18200,2,1,1,1.69999980929995,94500,0,3,1
11,62,12360,12360,2,1,1,2.69999980929995,103000,0,1,1
0,83,6732,33932,2,0,2,2.19999980929995,122500,0,2,1
9,33,420,420,1,0,2,1,31500,0,2,1
11,109,7248,20248,1,0,2,2.69999980929995,117000,0,2,1
26,79,6252,6252,1,0,1,1.69999980929995,84500,0,3,1
7,61,4680,7180,2,0,2,1.69999980929995,102500,0,2,1
13,140,1452,41352,-9999,0,1,3.09999942779998,140000,0,2,1
4,75,7560,37560,1,0,2,1,92000,0,3,1
19,80,9804,30204,1,0,2,3.19999980929995,144500,0,2,1
6,58,15120,15120,2,0,2,2.69999980929995,109000,0,1,1
4,62,12468,12468,2,0,2,1.69999980929995,82000,0,2,1
0,43,3324,3324,2,0,2,1.69999980929995,45500,0,2,1
2,103,6000,36000,2,0,2,2.89999961849997,124000,0,2,1
22,100,6000,18000,2,0,2,3.09999942779998,121500,0,2,1
12,31,3084,3084,2,0,2,1,35500,0,2,1
10,119,5400,20400,2,0,2,2.69999980929995,111500,0,2,1
8,119,7200,74200,2,0,1,3.19999980929995,138500,0,2,1
2,58,9960,9960,1,1,2,1.69999980929995,102000,0,2,1
10,105,6000,32000,1,1,2,2.69999980929995,127000,0,2,1
29,105,3600,19900,2,1,2,2.69999980929995,123500,0,2,1
16,57,16800,16800,2,1,2,2.39999961849997,138000,0,2,1
35,117,7680,18680,2,0,1,1.69999980929995,105500,0,3,1
66,83,7800,7800,1,0,1,1.69999980929995,55500,0,2,1
63,40,7200,7200,1,0,1,1,52500,0,2,1
25,82,20400,20400,1,1,1,3.19999980929995,117500,0,1,1
14,96,15408,15408,2,1,2,2.69999980929995,110500,0,2,1
11,107,5592,13066,2,1,1,2.39999961849997,112000,0,2,1
0,55,14400,14400,1,0,1,1,11000,1,2,1
8,200,10800,80800,1,1,1,2.69999980929995,146500,0,2,1
10,100,6600,13020,2,1,1,2.69999980929995,114000,0,2,1
60,90,4440,4440,1,1,1,3.09999942779998,124000,0,2,1
7,130,6360,42360,2,1,1,3.19999980929995,123000,0,2,1
58,30,8460,8460,2,1,2,1,31000,0,2,1
3,65,13200,13200,1,1,1,2.19999980929995,120000,0,2,1
9,114,4200,15200,1,1,2,2.69999980929995,215500,0,2,1
18,30,19200,19200,2,1,1,3.39999961849997,131000,0,1,1
20,23,1140,1140,2,1,2,1,26500,0,2,1
31,35,2760,2760,2,1,2,1,30500,0,2,1
12,60,4320,4320,3,0,2,2.39999961849997,107000,0,2,1
9,100,21600,21600,1,0,1,3.39999961849997,93500,0,2,1
22,120,1200,1200,2,1,1,2.39999961849997,101500,0,2,1
17,68,6000,6000,2,1,1,1.69999980929995,107500,0,2,1
2,27,7800,7800,2,1,1,1.69999980929995,22500,1,1,1
17,120,1200,1200,2,1,2,4.39999961849998,238000,0,1,1
16,120,6600,19000,1,1,2,2.19999980929995,92500,0,3,1
0,24,4812,4812,3,1,1,1,43000,0,2,1
4,100,1248,1248,2,0,1,1,8500,1,3,1
12,16,2400,2400,1,1,1,1,23000,0,1,1
47,119,1968,47997,1,1,2,1.69999980929995,74000,0,3,1
10,185,6000,6000,2,1,1,3.09999942779998,310000,0,2,1
11,124,19680,19680,2,0,1,2.39999961849997,161500,0,3,1
23,108,5952,29952,2,0,2,2.19999980929995,173500,0,2,1
36,101,5400,21400,1,0,2,1.69999980929995,145500,0,3,1
9,29,4800,4800,3,0,1,1,39000,0,2,1
46,76,15840,15840,1,0,2,1.69999980929995,59500,0,2,1
8,75,18000,18000,1,0,1,2,69000,0,2,1
18,87,8808,8808,2,0,2,3.09999942779998,163500,0,2,1
0,80,3996,43996,1,0,2,1.69999980929995,111000,0,3,1
2,30,9960,9960,2,0,1,1,39000,0,2,1
4,100,7800,28800,2,0,1,3.09999942779998,164000,0,2,1
13,45,4800,4800,1,0,2,2.19999980929995,107000,0,1,1
0,70,3600,3600,1,0,2,1.69999980929995,85500,0,2,1
11,52,11520,11520,1,0,1,2.39999961849997,123500,0,2,1
6,110,6000,28000,2,0,2,2.19999980929995,158000,0,2,1
3,48,4080,39080,1,0,1,1.69999980929995,121500,0,2,1
14,246,15000,15000,2,0,2,3.39999961849997,126500,0,3,1
10,250,5400,5400,2,0,1,2.19999980929995,127000,0,3,1
3,20,4800,4800,3,0,1,1,28500,0,1,1
39,36,5784,16584,1,0,2,1.69999980929995,93000,0,2,1
5,34,2520,4520,2,0,1,1,39500,0,2,1
9,89,10800,26300,1,0,1,2.39999961849997,159000,0,2,1
2,58,14652,14652,1,0,2,2.19999980929995,95500,0,2,1
3,60,8220,28220,1,0,2,1.5,60000,0,2,1
10,119,6000,21000,1,0,2,2.89999961849997,130000,0,2,1
9,59,15600,15600,1,0,1,2.69999980929995,98500,0,1,1
8,120,6240,28240,1,0,1,2.69999980929995,83000,0,2,1
4,138,10440,38440,2,0,2,2.19999980929995,174500,0,3,1
24,75,8100,8100,2,0,2,2.39999961849997,132500,0,2,1
16,34,10320,10320,3,0,2,1,38000,0,2,1
1,70,15600,15600,2,0,1,2.19999980929995,67000,0,2,1
16,75,6516,23516,1,0,2,2.89999961849997,144000,0,2,1
16,120,10320,10320,2,0,1,2.89999961849997,77500,0,2,1
28,80,2064,2064,2,1,1,1.69999980929995,55000,0,3,1
45,100,6732,28332,1,0,2,2.19999980929995,81000,0,2,1
62,100,7500,7500,1,0,2,1.69999980929995,80000,0,2,1
10,89,6000,21000,1,0,1,2.89999961849997,103500,0,2,1
31,103,3996,14996,2,0,1,3.19999980929995,100000,0,2,1
18,91,4608,18928,2,0,2,2.89999961849997,83500,0,2,1
80,93,7968,7968,1,0,2,2.39999961849997,148500,0,2,1
12,52,4488,4488,2,0,2,1.69999980929995,76500,0,2,1
1,78,5640,5640,3,0,2,2.19999980929995,110500,0,2,1
0,65,4200,21700,2,0,2,2,87000,0,2,1
17,74,13140,13140,2,0,1,2.89999961849997,170000,0,2,1
1,56,13308,13308,1,0,2,1.69999980929995,59500,0,2,1
4,117,3600,35600,3,0,2,1.5,120000,0,3,1
0,35,0,0,3,0,2,1,31500,0,1,1
13,78,7488,7488,2,0,2,1.69999980929995,72500,0,2,1
13,76,7224,7224,1,0,1,1.69999980929995,82500,0,2,1
16,75,6912,6912,2,0,2,1.69999980929995,58000,0,2,1
10,70,10080,27432,3,0,2,2.89999961849997,150000,0,2,1
10,119,7200,25700,2,0,2,2.39999961849997,185500,0,2,1
5,58,5916,15916,3,0,2,1,34000,0,2,1
5,75,7560,37560,2,0,1,2.19999980929995,171000,0,2,1
0,87,16800,16800,1,1,2,2.19999980929995,107500,0,2,1
0,60,17280,17280,2,0,2,1.69999980929995,82500,0,2,1
6,65,9600,26600,2,0,1,1.69999980929995,109000,0,2,1
8,77,10560,15460,1,0,1,1.69999980929995,107000,0,2,1
23,30,6600,6600,1,0,1,1,35000,0,2,1
7,74,6600,28600,2,0,1,2.69999980929995,125000,0,2,1
2,35,4200,4200,2,0,2,1,43000,0,2,1
15,75,13200,13200,1,0,2,2.19999980929995,106500,0,2,1
22,114,12000,12000,2,0,1,2.39999961849997,162000,0,2,1
18,65,12600,12600,1,0,2,2.19999980929995,98500,0,2,1
22,51,5772,5772,2,0,2,1,37500,0,2,1
13,105,7596,22596,1,0,1,2.19999980929995,178000,0,2,1
32,63,11760,11760,1,0,2,2.19999980929995,94000,0,2,1
17,98,12240,20740,3,1,1,2.39999961849997,201500,0,2,1
1,75,19200,19200,2,1,1,2.19999980929995,78500,0,2,1
2,123,12780,26580,1,1,2,1.69999980929995,161500,0,3,1
27,106,18000,18000,2,1,1,2.39999961849997,104500,0,3,1
7,28,5940,5940,-9999,1,1,1,51000,0,1,1
8,98,5160,29160,1,1,1,2.69999980929995,107500,0,2,1
3,101,5460,25860,2,0,2,3.19999980929995,159000,0,2,1
30,79,7500,13980,1,0,1,1.69999980929995,93000,0,3,1
40,75,2160,2160,1,0,2,1.69999980929995,40000,0,3,1
3,100,5400,19400,2,1,2,2.69999980929995,56500,1,2,1
4,119,6000,27000,1,1,2,3.19999980929995,142500,0,2,1
55,65,696,696,1,0,1,1,41500,0,3,1
4,68,11136,11136,1,0,1,2.69999980929995,79000,0,2,1
9,75,5172,5172,2,0,1,1,50000,0,2,1
6,170,10560,55560,2,0,1,2.69999980929995,173500,0,3,1
0,110,9600,25600,1,0,1,2.19999980929995,140500,0,3,1
18,57,9096,9096,2,0,2,1,34500,0,2,1
0,14,4980,4980,-9999,0,2,1,37000,0,1,1
7,89,10008,19208,1,0,2,2.69999980929995,179000,0,2,1
11,122,11700,36200,1,0,1,2.69999980929995,196500,0,2,1
29,80,3600,3600,2,0,2,1,53500,0,3,1
17,79,14268,14268,1,0,1,1.69999980929995,82500,0,2,1
5,91,6720,21520,1,0,1,2.69999980929995,120000,0,2,1
2,54,9660,9660,1,0,1,1,53000,0,2,1
12,75,6600,23100,2,0,2,1.69999980929995,139000,0,2,1
5,110,7992,27992,2,0,1,2.69999980929995,135000,0,2,1
9,120,5520,17070,2,0,2,2.69999980929995,124000,0,2,1
1,100,6252,38652,2,0,2,2.69999980929995,155500,0,2,1
23,96,5880,41880,3,0,2,2,74500,0,2,1
16,106,7812,19812,1,0,2,2.19999980929995,74000,0,2,1
54,80,4920,4920,1,1,2,1.69999980929995,62000,0,2,1
29,70,3960,9960,2,1,2,2.69999980929995,78500,0,1,1
1,48,3840,3840,2,0,1,1,17000,1,2,1
12,105,9144,14844,2,0,2,1.69999980929995,119500,0,3,1
80,60,3408,3408,1,1,2,1.69999980929995,71000,0,2,1
46,35,3600,3600,1,0,2,1,30000,0,2,1
8,112,5760,25760,2,0,1,2.19999980929995,113000,0,3,1
20,100,7392,7392,2,1,1,2.39999961849997,119000,0,3,1
23,100,5040,5040,2,1,2,2.39999961849997,66500,0,2,1
0,75,7236,9836,1,1,2,2.19999980929995,76000,0,2,1
24,60,780,780,1,1,2,1.69999980929995,47000,0,2,1
1,52,13200,13200,2,0,2,1.69999980929995,27500,1,2,1
34,60,3600,3600,2,1,2,3.09999942779998,102500,0,1,1
61,68,3972,3972,2,1,1,1.69999980929995,54500,0,3,1
2,105,5580,43080,2,1,2,2.69999980929995,118000,0,2,1
8,128,3420,3420,2,1,1,1,67000,0,3,1
15,100,7200,7200,1,1,1,2.89999961849997,170500,0,2,1
3,130,3060,23060,2,1,2,1.69999980929995,163500,0,3,1
2,35,3480,3480,-9999,1,1,1,37000,0,2,1
26,84,8004,9004,1,1,1,1.69999980929995,105500,0,2,1
41,74,9096,9096,-9999,1,1,1,44000,0,3,1
8,108,9264,45264,2,1,2,2.39999961849997,115500,0,2,1
20,70,504,504,2,1,1,3.09999942779998,88500,0,2,1
20,136,2040,2040,2,1,1,3.09999942779998,173000,0,2,1
3,60,6900,6900,2,1,1,2.69999980929995,92000,0,2,1
2,79,19428,19428,1,1,2,3.19999980929995,91500,0,2,1
2,74,9600,9600,-9999,1,2,1,70000,0,2,1
3,33,7800,7800,1,1,1,2.19999980929995,81000,0,1,1
9,120,4200,17200,2,1,1,3.19999980929995,123500,0,2,1
0,69,15900,15900,1,0,2,1.69999980929995,117000,0,2,1
45,150,3672,4322,1,1,1,1.69999980929995,96000,0,3,1
30,150,10800,35800,1,1,1,1.69999980929995,184000,0,3,1
2,103,3960,22660,1,1,2,2.69999980929995,99000,0,2,1
18,120,7200,7200,2,1,2,3.09999942779998,86000,0,2,1
37,100,6240,6240,2,1,2,1.69999980929995,50000,0,3,1
11,75,18000,18000,2,1,1,3.09999942779998,79000,0,2,1
57,210,9300,9300,1,1,1,4.79999923709998,238000,0,2,1
0,68,8196,8196,1,0,1,1,56000,0,3,1
14,61,7860,7860,2,1,2,2.39999961849997,123000,0,2,1
5,75,10860,30360,2,1,2,2.19999980929995,120000,0,2,1
30,79,4320,4320,1,1,2,1.69999980929995,51500,0,2,1
2,100,5592,5592,1,1,2,1.69999980929995,64500,0,2,1
86,18,0,0,2,1,2,1,38000,0,1,1
79,80,3000,3000,1,1,2,2.39999961849997,84500,0,2,1
41,80,6000,6000,1,1,1,1.69999980929995,82500,0,2,1
20,117,6600,6600,1,1,2,1.69999980929995,117500,0,3,1
24,18,27000,27000,1,1,1,1.69999980929995,72000,0,1,1
11,35,9600,9600,1,1,2,2.19999980929995,84500,0,1,1
31,75,6324,6324,2,0,1,3.69999980929995,108000,0,1,1
47,38,6000,6000,3,0,2,1,39000,0,2,1
9,47,7476,7476,1,0,1,2.19999980929995,107500,0,2,1
37,180,3996,3996,2,1,1,2.19999980929995,153000,0,3,1
12,57,5424,10224,-9999,1,2,1.69999980929995,59000,0,2,1
1,43,7200,45200,1,0,2,1,38000,0,2,1
1,89,15000,15000,1,0,2,1.69999980929995,98500,0,2,1
47,170,5400,11400,2,1,1,2.19999980929995,139000,0,3,1
0,60,15300,15300,1,0,2,2.19999980929995,111000,0,2,1
7,119,3732,19732,1,1,1,2.69999980929995,147500,0,2,1
2,20,7200,7200,2,0,1,1,10000,1,1,1
7,100,5580,17772,2,0,1,2.69999980929995,88500,0,2,1
3,138,6120,29880,2,1,1,1.69999980929995,120500,0,3,1
5,42,4776,18776,2,0,2,1.69999980929995,133500,0,2,1
0,71,6288,6288,1,0,2,1,61000,0,2,1
2,49,10680,10680,1,0,2,1.69999980929995,111000,0,2,1
4,43,6000,20000,1,0,1,1.69999980929995,161000,0,2,1
2,36,8160,8160,1,0,2,1.69999980929995,35500,1,2,1
3,89,12000,12000,2,0,2,2.69999980929995,114500,0,2,1
6,42,7800,7800,2,0,1,1.69999980929995,99500,0,2,1
8,81,8208,13208,2,0,2,2.39999961849997,169500,0,2,1
2,46,8760,34760,1,0,2,2.69999980929995,110000,0,1,1
35,120,6360,6360,2,1,1,2.39999961849997,82000,0,3,1
2,58,14880,14880,1,0,2,2.19999980929995,93000,0,2,1
1,36,10020,10020,1,0,2,1.69999980929995,106500,0,1,1
18,150,7056,37056,2,1,1,2.89999961849997,205000,0,2,1
0,79,16800,16800,1,1,1,2.19999980929995,63000,0,2,1
2,63,13800,13800,2,0,1,2.19999980929995,39000,1,2,1
4,30,6876,6876,2,1,1,1,22500,0,2,1
60,56,5784,23784,1,0,2,1.69999980929995,78500,0,2,1
0,12,0,0,3,1,2,1,40500,0,1,1
4,102,6600,6600,1,0,2,1.69999980929995,57000,0,3,1
17,56,12684,12684,3,0,2,1,44000,0,2,1
6,72,15540,15540,2,0,2,2.39999961849997,130000,0,2,1
19,85,6120,6120,2,1,1,3.09999942779998,80500,0,2,1
6,85,4416,18416,1,0,1,1.69999980929995,128000,0,3,1
30,25,2400,2400,2,0,1,1.69999980929995,61000,0,1,1
32,110,624,624,2,0,1,1,9500,1,3,1
9,48,8388,8388,2,1,2,3.19999980929995,68500,1,1,1
53,110,2880,2880,1,0,2,4.29999923709998,171000,0,2,1
9,110,4584,4584,3,1,2,2.19999980929995,105000,0,2,1
6,115,11964,58294,2,1,1,2.69999980929995,129500,0,2,1
54,115,1344,2304,1,1,1,1.69999980929995,37500,1,2,1
3,55,11364,11364,2,0,2,2.19999980929995,100500,0,2,1
23,30,6600,6600,2,0,2,1,44000,0,2,1
0,23,6600,6600,1,0,2,1,14000,1,1,1
11,82,5964,53964,1,0,2,2.69999980929995,117000,0,2,1
3,63,17280,17280,1,0,2,1.69999980929995,40000,0,2,1
7,48,4200,6700,2,0,2,1,37500,0,2,1
6,70,12900,12900,2,0,1,2.19999980929995,98500,0,2,1
13,92,14400,14400,2,0,2,3.09999942779998,170000,0,2,1
0,44,9480,9480,1,0,1,2.69999980929995,72000,0,1,1
11,48,10056,30056,2,1,2,1,47000,0,2,1
15,90,7740,7740,2,0,1,3.69999980929995,104500,0,1,1
37,200,5160,32160,2,1,1,2.69999980929995,123500,0,3,1
